{
  "hash": "c07d2483",
  "configHash": "6391bc95",
  "lockfileHash": "222e6ca4",
  "browserHash": "56413aa4",
  "optimized": {
    "@angular/core": {
      "src": "../../../../../node_modules/@angular/core/fesm2022/core.mjs",
      "file": "@angular_core.js",
      "fileHash": "c906b125",
      "needsInterop": false
    },
    "@angular/platform-browser": {
      "src": "../../../../../node_modules/@angular/platform-browser/fesm2022/platform-browser.mjs",
      "file": "@angular_platform-browser.js",
      "fileHash": "0a73fded",
      "needsInterop": false
    },
    "@angular/router": {
      "src": "../../../../../node_modules/@angular/router/fesm2022/router.mjs",
      "file": "@angular_router.js",
      "fileHash": "651e69c3",
      "needsInterop": false
    }
  },
  "chunks": {
    "chunk-N66RCRT4": {
      "file": "chunk-N66RCRT4.js"
    },
    "chunk-B5LUOZ3Q": {
      "file": "chunk-B5LUOZ3Q.js"
    }
  }
}